{
    "rmse": 998.255508981259,
    "mae": 707.9233554348523,
    "r2": 0.6577669087610207
}